mutation,effect
Ser5Arg,pathological
Tyr7Asp,pathological
Ser8Pro,benign
Gly11Ser,pathological
Met21Val,benign
Pro22Ser,benign
Arg69Trp,pathological
Ser78Arg,pathological
Arg81Cys,pathological
Pro90Ser,benign
Phe106Leu,pathological
Val123Ala,pathological
Val123Leu,pathological
Ile134Val,pathological
Thr136Met,pathological
Arg157His,pathological
Arg157Cys,pathological
Asn180Ser,pathological
Arg183Cys,benign
Arg183His,pathological
Ala193Thr,pathological
Val195Gly,pathological
Asp205Asn,benign
Asn212Ser,pathological
Val215Met,pathological
Met222Val,pathological
Met222Leu,pathological
Met222Thr,pathological
Asp226Asn,pathological
Pro237Leu,pathological
Ile240Thr,pathological
Met251Thr,pathological
Pro275Leu,benign
Thr299Ile,pathological
Val326Ala,pathological
Arg334Ser,benign
Arg334Cys,pathological
Asn358Ser,benign
Arg361Cys,pathological
Glu365Gly,pathological
Val368Met,pathological
Met370Val,pathological
Asn376Lys,benign
Arg381His,pathological
Arg381Cys,pathological
Pro383Ala,benign
Gly389Asp,pathological
Asn390Ser,pathological
Pro395Leu,benign
Thr402Ile,pathological
Val410Leu,pathological
Val415Met,pathological
Arg420Gln,pathological
Arg420Trp,pathological
Arg421Gln,benign
Arg421Trp,pathological
Thr435Met,pathological
Arg437Leu,benign
Arg437His,pathological
Pro442His,pathological
Pro442Arg,pathological
Val450Met,benign
Val452Met,benign
Pro458Ser,pathological
Arg461Cys,benign
Ser469Leu,pathological
Ala476Ser,pathological
Cys477Ser,benign
Arg478Cys,benign
Ala479Thr,benign
Arg490His,pathological
Val491Met,pathological
Lys492Glu,pathological
Lys498Glu,pathological
Lys502Met,pathological
Gly505Ser,pathological
Gly507Arg,pathological
Thr512Met,pathological
Val523Ala,pathological
Arg526Trp,benign
Arg526Gln,benign
Glu534Lys,pathological
Glu536Lys,pathological
Pro539Leu,pathological
Gly553Ser,benign
Arg558His,pathological
Arg558Leu,pathological
Val586Ala,pathological
Ser589Leu,pathological
Val601Ala,pathological
Ile608Val,benign
Ala614Thr,pathological
Glu617Lys,pathological
Arg629Trp,pathological
Arg629Gln,pathological
Thr633Met,pathological
Glu637Gly,benign
Val642Ile,pathological
Asp646Asn,pathological
Arg650Gly,pathological
Leu659Arg,benign
Pro675Ser,pathological
Leu677Val,pathological
Val684Met,pathological
Ala688Thr,pathological
Phe690Leu,pathological
Ile692Thr,pathological
Asp693Ala,benign
Ala694Val,benign
Arg695Pro,pathological
Arg695His,benign
Arg695Leu,pathological
Ala709Thr,benign
Asp710Asn,pathological
Asn721Lys,pathological
Asp723Asn,pathological
Arg727His,benign
Val731Met,pathological
Thr739Ile,pathological
Val747Ile,pathological
Val749Met,pathological
Glu760Lys,pathological
Arg766Trp,pathological
Arg766Gln,pathological
Val769Leu,pathological
Gly771Ser,pathological
Thr777Ala,benign
Glu793Lys,benign
Asp798Asn,benign
Ile817Thr,pathological
Thr834Met,benign
Pro836Gln,benign
Ala838Val,pathological
Arg840His,pathological
Asn849Ile,pathological
Pro853Ser,pathological
Pro863Ala,pathological
Asp866Asn,pathological
Arg879Cys,pathological
Arg879His,pathological
Thr891Met,pathological
Gly896Arg,pathological
Gly898Ser,benign
Glu913Lys,pathological
Arg916Gln,pathological
Asp925Val,pathological
Ala934Thr,benign
Gly947Arg,benign
Gly948Glu,pathological
Asp949Asn,benign
Val960Gly,pathological
Pro963Leu,pathological
Ala979Thr,benign
Asn989Lys,pathological
Asp1000Ala,pathological
Arg1008Cys,pathological
Arg1008His,pathological
Arg1009Trp,pathological
Gly1019Ser,benign
Gly1019Cys,pathological
Pro1031Leu,pathological
Pro1031Gln,benign
Asp1043Asn,pathological
His1045Asn,pathological
Ser1050Gly,benign
Pro1070Leu,pathological
Ala1081Val,pathological
Ala1081Ser,benign
Ala1081Thr,pathological
Thr1087Ser,pathological
Val1099Ile,pathological
Pro1102Ser,pathological
Glu1104Lys,pathological
Ala1118Val,pathological
Glu1128Lys,pathological
Arg1150Gln,pathological
Pro1155Leu,pathological
Arg1159Gln,pathological
Arg1167His,pathological
Gly1168Ser,pathological
Lys1169Arg,benign
Thr1177Ala,benign
Glu1185Lys,pathological
Ala1186Val,pathological
Val1198Leu,pathological
Ala1208Thr,pathological
Ala1208Val,pathological
Ser1217Cys,pathological
Thr1227Ile,pathological
Lys1237Asn,pathological
Phe1238Ser,pathological
Arg1241Cys,benign
Arg1241His,pathological
Ala1247Val,pathological
Val1253Ile,benign
Pro1258Ser,pathological
Pro1258Arg,pathological
Arg1267Trp,pathological
Arg1267Gln,pathological
Thr1271Ser,pathological
Arg1278Lys,pathological
Thr1283Ala,benign
Gly1284Asp,pathological
Gly1285Ser,pathological
Thr1289Met,pathological
Thr1289Lys,benign
Arg1291His,pathological
Arg1291Gly,benign
Ser1296Leu,pathological
Arg1313Gln,pathological
Thr1317Ala,pathological
Ala1318Thr,pathological
Glu1320Lys,benign
Arg1341Gln,pathological
Arg1352His,benign
Arg1352Leu,benign
Arg1352Ser,pathological
Arg1352Cys,pathological
Arg1354Gln,pathological
Arg1354Gly,pathological
Pro1358Arg,pathological
Leu1364Phe,pathological
Asn1366Ser,pathological
Asn1369Ser,pathological
Arg1370Gln,pathological
Ile1387Phe,pathological
Ser1391Leu,pathological
Arg1434Leu,pathological
Arg1434Cys,pathological
Arg1434His,pathological
Val1435Met,pathological
Gly1444Ala,benign
Lys1445Arg,benign
Gly1456Ala,pathological
Arg1460Trp,pathological
Arg1460Gln,pathological
Arg1474Trp,pathological
Ala1475Val,pathological
Val1487Met,benign
Pro1490Ser,benign
Arg1494Trp,pathological
Thr1502Ile,benign
Tyr1505His,pathological
Thr1509Ala,benign
Lys1518Arg,pathological
Gln1522Arg,pathological
Ala1539Thr,pathological
Arg1543Gln,pathological
Gly1546Ser,pathological
Gly1546Asp,pathological
Ala1551Thr,pathological
Val1560Leu,pathological
Arg1567Trp,pathological
Arg1567Gln,benign
Ala1569Thr,pathological
Ala1569Val,pathological
Glu1571Lys,pathological
Thr1575Ser,benign
Glu1582Lys,pathological
Ala1588Gly,pathological
Arg1591Trp,pathological
Arg1609Trp,pathological
Ile1621Phe,pathological
Ser1624Leu,pathological
Arg1627His,pathological
Arg1627Cys,pathological
Ser1637Arg,pathological
Val1641Ile,pathological
Arg1657Gln,pathological
Arg1657Gly,pathological
Ile1660Thr,benign
Thr1664Met,pathological
Thr1667Met,pathological
Gly1674Ser,pathological
Thr1681Met,pathological
Thr1681Arg,benign
Thr1684Met,pathological
Leu1690Val,benign
Asp1691Asn,pathological
Gly1700Ser,pathological
Ile1704Thr,pathological
Val1715Ile,benign
Arg1719His,pathological
Phe1720Leu,pathological
Gly1722Ala,pathological
Gly1722Asp,pathological
Pro1726Ser,pathological
His1731Tyr,pathological
Val1732Met,pathological
Pro1739Leu,pathological
Glu1741Lys,pathological
Arg1751His,benign
Pro1753Thr,pathological
Ala1755Gly,pathological
Ala1755Thr,benign
Arg1758Trp,pathological
Arg1758Gln,pathological
Gly1760Ser,pathological
Ala1761Thr,pathological
Arg1762Cys,pathological
Arg1762His,pathological
Pro1771Ala,pathological
Val1788Gly,pathological
Ala1792Thr,benign
Ala1792Val,pathological
Val1793Met,pathological
Gly1800Arg,pathological
Arg1803Trp,pathological
Arg1803Gln,pathological
Met1804Ile,benign
Met1804Leu,pathological
Thr1809Met,pathological
Arg1811Gln,pathological
Gly1820Ser,pathological
Thr1823Met,pathological
Tyr1826Cys,pathological
His1834Tyr,pathological
Arg1860Cys,benign
Arg1860His,pathological
Ile1882Val,pathological
Asp1886Gly,benign
Gly1891Ala,pathological
Gly1891Val,pathological
Gly1891Asp,pathological
Val1896Met,pathological
Val1916Met,pathological
Ala1922Thr,benign
Ala1922Val,pathological
Tyr1926Cys,pathological
Arg1931Cys,pathological
Arg1931Leu,pathological
His1936Pro,pathological
Ile1937Asn,pathological
Thr1963Met,pathological
Lys1968Thr,pathological
Ala1979Thr,pathological
Arg1982Cys,pathological
Ser1985Leu,pathological
Arg1995His,pathological
Arg1995Cys,benign
Arg1999Gln,pathological
Arg1999Trp,pathological
His2000Pro,benign
Gly2011Arg,pathological
Val2014Met,pathological
Arg2018Cys,pathological
Gly2039Arg,pathological
Arg2045Gln,pathological
Val2059Met,benign
Asn2068Ser,benign
Gly2070Ser,pathological
Cys2088Arg,pathological
Gly2094Arg,pathological
Val2119Met,benign
Arg2133Ser,pathological
Arg2133Cys,pathological
Arg2133Leu,pathological
Arg2133His,pathological
Arg2140Gln,pathological
Arg2140Trp,benign
Gly2151Ser,pathological
Ile2160Phe,pathological
Arg2176His,pathological
Thr2177Asn,pathological
Arg2180Cys,pathological
Thr2184Ser,benign
Thr2188Met,pathological
Arg2190His,pathological
Arg2190Pro,pathological
Thr2191Met,pathological
Gly2199Arg,pathological
Arg2203His,pathological
Arg2228Gln,pathological
Arg2230Leu,benign
Arg2230His,pathological
Phe2234Leu,pathological
Gly2235Ser,pathological
Arg2239Trp,pathological
Lys2260Arg,pathological
Glu2270Lys,pathological
Ser2272Arg,benign
Ala2273Thr,pathological
Arg2277Cys,benign
Pro2285Thr,pathological
Thr2287Met,pathological
Ala2289Thr,pathological
Val2297Met,pathological
Pro2298Leu,pathological
Pro2301Ser,pathological
Pro2308Leu,pathological
His2315Asn,pathological
Arg2318Gln,pathological
Gly2320Arg,pathological
Arg2326Gln,pathological
Val2328Met,pathological
Ala2329Gly,pathological
Gly2330Ser,benign
Gly2330Asp,pathological
Val2331Met,benign
Val2331Leu,pathological
Glu2358Lys,pathological
Arg2364Cys,pathological
Arg2364His,benign
Gly2370Ser,pathological
Val2371Ile,pathological
Tyr2373Phe,pathological
Tyr2373Cys,pathological
Val2375Ile,pathological
Pro2393Ala,pathological
Asp2394His,pathological
Arg2409His,pathological
Arg2410His,pathological
Arg2410Cys,pathological
Thr2419Met,pathological
Ala2427Val,pathological
Ala2430Val,pathological
Val2431Met,pathological
Arg2437Trp,pathological
Arg2437Gln,pathological
Val2439Met,pathological
Arg2443Gln,pathological
Ser2448Leu,benign
Tyr2455Cys,pathological
Tyr2455His,pathological
Val2456Ile,pathological
His2464Asp,benign
Pro2470His,pathological
Pro2470Leu,pathological
Val2475Ile,pathological
Arg2495His,pathological
Val2496Ile,pathological
Ser2500Asn,pathological
Thr2520Asn,pathological
Ala2537Thr,pathological
Leu2538Phe,benign
Tyr2563His,pathological
Tyr2563Cys,pathological
Arg2621Gln,pathological
Ser2626Asn,pathological
Met2668Thr,pathological
Val2694Ile,pathological
